d_m,d_nm,chi_bulk,delta_F_over_F_Cas,F_over_F_Cas,eta,a_vac_imposed_m,kappa,xi_m
5.000000e-08,50.000000,1.123109e-01,1.51253067e-02,1.01512531e+00,1.500000e-01,3.141593e-07,1.200000e-01,5.000000e-08
5.577889e-08,55.778894,1.351421e-01,1.44722260e-02,1.01447223e+00,1.500000e-01,3.141593e-07,1.200000e-01,5.000000e-08
6.155779e-08,61.557789,1.566135e-01,1.37668856e-02,1.01376689e+00,1.500000e-01,3.141593e-07,1.200000e-01,5.000000e-08
6.733668e-08,67.336683,1.759681e-01,1.30147682e-02,1.01301477e+00,1.500000e-01,3.141593e-07,1.200000e-01,5.000000e-08
7.311558e-08,73.115578,1.926959e-01,1.22216822e-02,1.01222168e+00,1.500000e-01,3.141593e-07,1.200000e-01,5.000000e-08
7.889447e-08,78.894472,2.065113e-01,1.13937083e-02,1.01139371e+00,1.500000e-01,3.141593e-07,1.200000e-01,5.000000e-08
8.467337e-08,84.673367,2.173123e-01,1.05371424e-02,1.01053714e+00,1.500000e-01,3.141593e-07,1.200000e-01,5.000000e-08
9.045226e-08,90.452261,2.251354e-01,9.65843766e-03,1.00965844e+00,1.500000e-01,3.141593e-07,1.200000e-01,5.000000e-08
9.623116e-08,96.231156,2.301147e-01,8.76414488e-03,1.00876414e+00,1.500000e-01,3.141593e-07,1.200000e-01,5.000000e-08
1.020101e-07,102.010050,2.324483e-01,7.86085288e-03,1.00786085e+00,1.500000e-01,3.141593e-07,1.200000e-01,5.000000e-08
1.077889e-07,107.788945,2.323730e-01,6.95512849e-03,1.00695513e+00,1.500000e-01,3.141593e-07,1.200000e-01,5.000000e-08
1.135678e-07,113.567839,2.301462e-01,6.05345745e-03,1.00605346e+00,1.500000e-01,3.141593e-07,1.200000e-01,5.000000e-08
1.193467e-07,119.346734,2.260325e-01,5.16218651e-03,1.00516219e+00,1.500000e-01,3.141593e-07,1.200000e-01,5.000000e-08
1.251256e-07,125.125628,2.202960e-01,4.28746740e-03,1.00428747e+00,1.500000e-01,3.141593e-07,1.200000e-01,5.000000e-08
1.309045e-07,130.904523,2.131937e-01,3.43520319e-03,1.00343520e+00,1.500000e-01,3.141593e-07,1.200000e-01,5.000000e-08
1.366834e-07,136.683417,2.049721e-01,2.61099757e-03,1.00261100e+00,1.500000e-01,3.141593e-07,1.200000e-01,5.000000e-08
1.424623e-07,142.462312,1.958639e-01,1.82010751e-03,1.00182011e+00,1.500000e-01,3.141593e-07,1.200000e-01,5.000000e-08
1.482412e-07,148.241206,1.860866e-01,1.06739983e-03,1.00106740e+00,1.500000e-01,3.141593e-07,1.200000e-01,5.000000e-08
1.540201e-07,154.020101,1.758403e-01,3.57312024e-04,1.00035731e+00,1.500000e-01,3.141593e-07,1.200000e-01,5.000000e-08
1.597990e-07,159.798995,1.653074e-01,-3.06182273e-04,9.99693818e-01,1.500000e-01,3.141593e-07,1.200000e-01,5.000000e-08
1.655779e-07,165.577889,1.546510e-01,-9.19602906e-04,9.99080397e-01,1.500000e-01,3.141593e-07,1.200000e-01,5.000000e-08
1.713568e-07,171.356784,1.440150e-01,-1.47998758e-03,9.98520012e-01,1.500000e-01,3.141593e-07,1.200000e-01,5.000000e-08
1.771357e-07,177.135678,1.335242e-01,-1.98491088e-03,9.98015089e-01,1.500000e-01,3.141593e-07,1.200000e-01,5.000000e-08
1.829146e-07,182.914573,1.232838e-01,-2.43249768e-03,9.97567502e-01,1.500000e-01,3.141593e-07,1.200000e-01,5.000000e-08
1.886935e-07,188.693467,1.133807e-01,-2.82143104e-03,9.97178569e-01,1.500000e-01,3.141593e-07,1.200000e-01,5.000000e-08
1.944724e-07,194.472362,1.038844e-01,-3.15095435e-03,9.96849046e-01,1.500000e-01,3.141593e-07,1.200000e-01,5.000000e-08
2.002513e-07,200.251256,9.484764e-02,-3.42086797e-03,9.96579132e-01,1.500000e-01,3.141593e-07,1.200000e-01,5.000000e-08
2.060302e-07,206.030151,8.630833e-02,-3.63152026e-03,9.96368480e-01,1.500000e-01,3.141593e-07,1.200000e-01,5.000000e-08
2.118090e-07,211.809045,7.829085e-02,-3.78379332e-03,9.96216207e-01,1.500000e-01,3.141593e-07,1.200000e-01,5.000000e-08
2.175879e-07,217.587940,7.080778e-02,-3.87908361e-03,9.96120916e-01,1.500000e-01,3.141593e-07,1.200000e-01,5.000000e-08
2.233668e-07,223.366834,6.386153e-02,-3.91927764e-03,9.96080722e-01,1.500000e-01,3.141593e-07,1.200000e-01,5.000000e-08
2.291457e-07,229.145729,5.744602e-02,-3.90672310e-03,9.96093277e-01,1.500000e-01,3.141593e-07,1.200000e-01,5.000000e-08
2.349246e-07,234.924623,5.154820e-02,-3.84419582e-03,9.96155804e-01,1.500000e-01,3.141593e-07,1.200000e-01,5.000000e-08
2.407035e-07,240.703518,4.614957e-02,-3.73486290e-03,9.96265137e-01,1.500000e-01,3.141593e-07,1.200000e-01,5.000000e-08
2.464824e-07,246.482412,4.122749e-02,-3.58224244e-03,9.96417758e-01,1.500000e-01,3.141593e-07,1.200000e-01,5.000000e-08
2.522613e-07,252.261307,3.675635e-02,-3.39016043e-03,9.96609840e-01,1.500000e-01,3.141593e-07,1.200000e-01,5.000000e-08
2.580402e-07,258.040201,3.270859e-02,-3.16270516e-03,9.96837295e-01,1.500000e-01,3.141593e-07,1.200000e-01,5.000000e-08
2.638191e-07,263.819095,2.905560e-02,-2.90417978e-03,9.97095820e-01,1.500000e-01,3.141593e-07,1.200000e-01,5.000000e-08
2.695980e-07,269.597990,2.576843e-02,-2.61905346e-03,9.97380947e-01,1.500000e-01,3.141593e-07,1.200000e-01,5.000000e-08
2.753769e-07,275.376884,2.281835e-02,-2.31191179e-03,9.97688088e-01,1.500000e-01,3.141593e-07,1.200000e-01,5.000000e-08
2.811558e-07,281.155779,2.017733e-02,-1.98740674e-03,9.98012593e-01,1.500000e-01,3.141593e-07,1.200000e-01,5.000000e-08
2.869347e-07,286.934673,1.781840e-02,-1.65020707e-03,9.98349793e-01,1.500000e-01,3.141593e-07,1.200000e-01,5.000000e-08
2.927136e-07,292.713568,1.571588e-02,-1.30494931e-03,9.98695051e-01,1.500000e-01,3.141593e-07,1.200000e-01,5.000000e-08
2.984925e-07,298.492462,1.384556e-02,-9.56190194e-04,9.99043810e-01,1.500000e-01,3.141593e-07,1.200000e-01,5.000000e-08
3.042714e-07,304.271357,1.218479e-02,-6.08360757e-04,9.99391639e-01,1.500000e-01,3.141593e-07,1.200000e-01,5.000000e-08
3.100503e-07,310.050251,1.071255e-02,-2.65722743e-04,9.99734277e-01,1.500000e-01,3.141593e-07,1.200000e-01,5.000000e-08
3.158291e-07,315.829146,9.409465e-03,6.76723320e-05,1.00006767e+00,1.500000e-01,3.141593e-07,1.200000e-01,5.000000e-08
3.216080e-07,321.608040,8.257746e-03,3.88021029e-04,1.00038802e+00,1.500000e-01,3.141593e-07,1.200000e-01,5.000000e-08
3.273869e-07,327.386935,7.241157e-03,6.91802391e-04,1.00069180e+00,1.500000e-01,3.141593e-07,1.200000e-01,5.000000e-08
3.331658e-07,333.165829,6.344946e-03,9.75808587e-04,1.00097581e+00,1.500000e-01,3.141593e-07,1.200000e-01,5.000000e-08
3.389447e-07,338.944724,5.555758e-03,1.23717151e-03,1.00123717e+00,1.500000e-01,3.141593e-07,1.200000e-01,5.000000e-08
3.447236e-07,344.723618,4.861546e-03,1.47338515e-03,1.00147339e+00,1.500000e-01,3.141593e-07,1.200000e-01,5.000000e-08
3.505025e-07,350.502513,4.251478e-03,1.68232344e-03,1.00168232e+00,1.500000e-01,3.141593e-07,1.200000e-01,5.000000e-08
3.562814e-07,356.281407,3.715845e-03,1.86225369e-03,1.00186225e+00,1.500000e-01,3.141593e-07,1.200000e-01,5.000000e-08
3.620603e-07,362.060302,3.245963e-03,2.01184527e-03,1.00201185e+00,1.500000e-01,3.141593e-07,1.200000e-01,5.000000e-08
3.678392e-07,367.839196,2.834084e-03,2.13017369e-03,1.00213017e+00,1.500000e-01,3.141593e-07,1.200000e-01,5.000000e-08
3.736181e-07,373.618090,2.473314e-03,2.21672007e-03,1.00221672e+00,1.500000e-01,3.141593e-07,1.200000e-01,5.000000e-08
3.793970e-07,379.396985,2.157526e-03,2.27136611e-03,1.00227137e+00,1.500000e-01,3.141593e-07,1.200000e-01,5.000000e-08
3.851759e-07,385.175879,1.881287e-03,2.29438465e-03,1.00229438e+00,1.500000e-01,3.141593e-07,1.200000e-01,5.000000e-08
3.909548e-07,390.954774,1.639789e-03,2.28642600e-03,1.00228643e+00,1.500000e-01,3.141593e-07,1.200000e-01,5.000000e-08
3.967337e-07,396.733668,1.428779e-03,2.24850036e-03,1.00224850e+00,1.500000e-01,3.141593e-07,1.200000e-01,5.000000e-08
4.025126e-07,402.512563,1.244502e-03,2.18195646e-03,1.00218196e+00,1.500000e-01,3.141593e-07,1.200000e-01,5.000000e-08
4.082915e-07,408.291457,1.083651e-03,2.08845688e-03,1.00208846e+00,1.500000e-01,3.141593e-07,1.200000e-01,5.000000e-08
4.140704e-07,414.070352,9.433101e-04,1.96995024e-03,1.00196995e+00,1.500000e-01,3.141593e-07,1.200000e-01,5.000000e-08
4.198492e-07,419.849246,8.209163e-04,1.82864074e-03,1.00182864e+00,1.500000e-01,3.141593e-07,1.200000e-01,5.000000e-08
4.256281e-07,425.628141,7.142166e-04,1.66695546e-03,1.00166696e+00,1.500000e-01,3.141593e-07,1.200000e-01,5.000000e-08
4.314070e-07,431.407035,6.212330e-04,1.48750966e-03,1.00148751e+00,1.500000e-01,3.141593e-07,1.200000e-01,5.000000e-08
4.371859e-07,437.185930,5.402305e-04,1.29307080e-03,1.00129307e+00,1.500000e-01,3.141593e-07,1.200000e-01,5.000000e-08
4.429648e-07,442.964824,4.696883e-04,1.08652143e-03,1.00108652e+00,1.500000e-01,3.141593e-07,1.200000e-01,5.000000e-08
4.487437e-07,448.743719,4.082743e-04,8.70821622e-04,1.00087082e+00,1.500000e-01,3.141593e-07,1.200000e-01,5.000000e-08
4.545226e-07,454.522613,3.548225e-04,6.48971245e-04,1.00064897e+00,1.500000e-01,3.141593e-07,1.200000e-01,5.000000e-08
4.603015e-07,460.301508,3.083133e-04,4.23972592e-04,1.00042397e+00,1.500000e-01,3.141593e-07,1.200000e-01,5.000000e-08
4.660804e-07,466.080402,2.678550e-04,1.98793780e-04,1.00019879e+00,1.500000e-01,3.141593e-07,1.200000e-01,5.000000e-08
4.718593e-07,471.859296,2.326688e-04,-2.36666776e-05,9.99976333e-01,1.500000e-01,3.141593e-07,1.200000e-01,5.000000e-08
4.776382e-07,477.638191,2.020744e-04,-2.40613725e-04,9.99759386e-01,1.500000e-01,3.141593e-07,1.200000e-01,5.000000e-08
4.834171e-07,483.417085,1.754782e-04,-4.49387668e-04,9.99550612e-01,1.500000e-01,3.141593e-07,1.200000e-01,5.000000e-08
4.891960e-07,489.195980,1.523622e-04,-6.47493804e-04,9.99352506e-01,1.500000e-01,3.141593e-07,1.200000e-01,5.000000e-08
4.949749e-07,494.974874,1.322748e-04,-8.32629449e-04,9.99167371e-01,1.500000e-01,3.141593e-07,1.200000e-01,5.000000e-08
5.007538e-07,500.753769,1.148222e-04,-1.00270810e-03,9.98997292e-01,1.500000e-01,3.141593e-07,1.200000e-01,5.000000e-08
5.065327e-07,506.532663,9.966118e-05,-1.15588052e-03,9.98844119e-01,1.500000e-01,3.141593e-07,1.200000e-01,5.000000e-08
5.123116e-07,512.311558,8.649299e-05,-1.29055247e-03,9.98709448e-01,1.500000e-01,3.141593e-07,1.200000e-01,5.000000e-08
5.180905e-07,518.090452,7.505731e-05,-1.40539905e-03,9.98594601e-01,1.500000e-01,3.141593e-07,1.200000e-01,5.000000e-08
5.238693e-07,523.869347,6.512754e-05,-1.49937545e-03,9.98500625e-01,1.500000e-01,3.141593e-07,1.200000e-01,5.000000e-08
5.296482e-07,529.648241,5.650649e-05,-1.57172411e-03,9.98428276e-01,1.500000e-01,3.141593e-07,1.200000e-01,5.000000e-08
5.354271e-07,535.427136,4.902258e-05,-1.62197815e-03,9.98378022e-01,1.500000e-01,3.141593e-07,1.200000e-01,5.000000e-08
5.412060e-07,541.206030,4.252655e-05,-1.64996130e-03,9.98350039e-01,1.500000e-01,3.141593e-07,1.200000e-01,5.000000e-08
5.469849e-07,546.984925,3.688861e-05,-1.65578415e-03,9.98344216e-01,1.500000e-01,3.141593e-07,1.200000e-01,5.000000e-08
5.527638e-07,552.763819,3.199590e-05,-1.63983703e-03,9.98360163e-01,1.500000e-01,3.141593e-07,1.200000e-01,5.000000e-08
5.585427e-07,558.542714,2.775032e-05,-1.60277956e-03,9.98397220e-01,1.500000e-01,3.141593e-07,1.200000e-01,5.000000e-08
5.643216e-07,564.321608,2.406662e-05,-1.54552705e-03,9.98454473e-01,1.500000e-01,3.141593e-07,1.200000e-01,5.000000e-08
5.701005e-07,570.100503,2.087069e-05,-1.46923405e-03,9.98530766e-01,1.500000e-01,3.141593e-07,1.200000e-01,5.000000e-08
5.758794e-07,575.879397,1.809818e-05,-1.37527520e-03,9.98624725e-01,1.500000e-01,3.141593e-07,1.200000e-01,5.000000e-08
5.816583e-07,581.658291,1.569316e-05,-1.26522375e-03,9.98734776e-01,1.500000e-01,3.141593e-07,1.200000e-01,5.000000e-08
5.874372e-07,587.437186,1.360708e-05,-1.14082794e-03,9.98859172e-01,1.500000e-01,3.141593e-07,1.200000e-01,5.000000e-08
5.932161e-07,593.216080,1.179776e-05,-1.00398572e-03,9.98996014e-01,1.500000e-01,3.141593e-07,1.200000e-01,5.000000e-08
5.989950e-07,598.994975,1.022857e-05,-8.56718003e-04,9.99143282e-01,1.500000e-01,3.141593e-07,1.200000e-01,5.000000e-08
6.047739e-07,604.773869,8.867742e-06,-7.01140868e-04,9.99298859e-01,1.500000e-01,3.141593e-07,1.200000e-01,5.000000e-08
6.105528e-07,610.552764,7.687661e-06,-5.39437085e-04,9.99460563e-01,1.500000e-01,3.141593e-07,1.200000e-01,5.000000e-08
6.163317e-07,616.331658,6.664378e-06,-3.73827291e-04,9.99626173e-01,1.500000e-01,3.141593e-07,1.200000e-01,5.000000e-08
6.221106e-07,622.110553,5.777103e-06,-2.06541197e-04,9.99793459e-01,1.500000e-01,3.141593e-07,1.200000e-01,5.000000e-08
6.278894e-07,627.889447,5.007795e-06,-3.97891697e-05,9.99960211e-01,1.500000e-01,3.141593e-07,1.200000e-01,5.000000e-08
6.336683e-07,633.668342,4.340799e-06,1.24265449e-04,1.00012427e+00,1.500000e-01,3.141593e-07,1.200000e-01,5.000000e-08
6.394472e-07,639.447236,3.762532e-06,2.83532977e-04,1.00028353e+00,1.500000e-01,3.141593e-07,1.200000e-01,5.000000e-08
6.452261e-07,645.226131,3.261212e-06,4.36022647e-04,1.00043602e+00,1.500000e-01,3.141593e-07,1.200000e-01,5.000000e-08
6.510050e-07,651.005025,2.826615e-06,5.79866204e-04,1.00057987e+00,1.500000e-01,3.141593e-07,1.200000e-01,5.000000e-08
6.567839e-07,656.783920,2.449874e-06,7.13339571e-04,1.00071334e+00,1.500000e-01,3.141593e-07,1.200000e-01,5.000000e-08
6.625628e-07,662.562814,2.123298e-06,8.34882345e-04,1.00083488e+00,1.500000e-01,3.141593e-07,1.200000e-01,5.000000e-08
6.683417e-07,668.341709,1.840216e-06,9.43114912e-04,1.00094311e+00,1.500000e-01,3.141593e-07,1.200000e-01,5.000000e-08
6.741206e-07,674.120603,1.594842e-06,1.03685301e-03,1.00103685e+00,1.500000e-01,3.141593e-07,1.200000e-01,5.000000e-08
6.798995e-07,679.899497,1.382160e-06,1.11511961e-03,1.00111512e+00,1.500000e-01,3.141593e-07,1.200000e-01,5.000000e-08
6.856784e-07,685.678392,1.197819e-06,1.17715393e-03,1.00117715e+00,1.500000e-01,3.141593e-07,1.200000e-01,5.000000e-08
6.914573e-07,691.457286,1.038046e-06,1.22241766e-03,1.00122242e+00,1.500000e-01,3.141593e-07,1.200000e-01,5.000000e-08
6.972362e-07,697.236181,8.995697e-07,1.25059822e-03,1.00125060e+00,1.500000e-01,3.141593e-07,1.200000e-01,5.000000e-08
7.030151e-07,703.015075,7.795546e-07,1.26160912e-03,1.00126161e+00,1.500000e-01,3.141593e-07,1.200000e-01,5.000000e-08
7.087940e-07,708.793970,6.755415e-07,1.25558745e-03,1.00125559e+00,1.500000e-01,3.141593e-07,1.200000e-01,5.000000e-08
7.145729e-07,714.572864,5.853985e-07,1.23288858e-03,1.00123289e+00,1.500000e-01,3.141593e-07,1.200000e-01,5.000000e-08
7.203518e-07,720.351759,5.072775e-07,1.19407818e-03,1.00119408e+00,1.500000e-01,3.141593e-07,1.200000e-01,5.000000e-08
7.261307e-07,726.130653,4.395764e-07,1.13992167e-03,1.00113992e+00,1.500000e-01,3.141593e-07,1.200000e-01,5.000000e-08
7.319095e-07,731.909548,3.809063e-07,1.07137130e-03,1.00107137e+00,1.500000e-01,3.141593e-07,1.200000e-01,5.000000e-08
7.376884e-07,737.688442,3.300633e-07,9.89551055e-04,1.00098955e+00,1.500000e-01,3.141593e-07,1.200000e-01,5.000000e-08
7.434673e-07,743.467337,2.860039e-07,8.95739594e-04,1.00089574e+00,1.500000e-01,3.141593e-07,1.200000e-01,5.000000e-08
7.492462e-07,749.246231,2.478235e-07,7.91351471e-04,1.00079135e+00,1.500000e-01,3.141593e-07,1.200000e-01,5.000000e-08
7.550251e-07,755.025126,2.147381e-07,6.77916904e-04,1.00067792e+00,1.500000e-01,3.141593e-07,1.200000e-01,5.000000e-08
7.608040e-07,760.804020,1.860681e-07,5.57060356e-04,1.00055706e+00,1.500000e-01,3.141593e-07,1.200000e-01,5.000000e-08
7.665829e-07,766.582915,1.612246e-07,4.30478233e-04,1.00043048e+00,1.500000e-01,3.141593e-07,1.200000e-01,5.000000e-08
7.723618e-07,772.361809,1.396971e-07,2.99915978e-04,1.00029992e+00,1.500000e-01,3.141593e-07,1.200000e-01,5.000000e-08
7.781407e-07,778.140704,1.210432e-07,1.67144871e-04,1.00016714e+00,1.500000e-01,3.141593e-07,1.200000e-01,5.000000e-08
7.839196e-07,783.919598,1.048795e-07,3.39388201e-05,1.00003394e+00,1.500000e-01,3.141593e-07,1.200000e-01,5.000000e-08
7.896985e-07,789.698492,9.087362e-08,-9.79485444e-05,9.99902051e-01,1.500000e-01,3.141593e-07,1.200000e-01,5.000000e-08
7.954774e-07,795.477387,7.873765e-08,-2.26806204e-04,9.99773194e-01,1.500000e-01,3.141593e-07,1.200000e-01,5.000000e-08
8.012563e-07,801.256281,6.822203e-08,-3.50987227e-04,9.99649013e-01,1.500000e-01,3.141593e-07,1.200000e-01,5.000000e-08
8.070352e-07,807.035176,5.911048e-08,-4.68929125e-04,9.99531071e-01,1.500000e-01,3.141593e-07,1.200000e-01,5.000000e-08
8.128141e-07,812.814070,5.121558e-08,-5.79172848e-04,9.99420827e-01,1.500000e-01,3.141593e-07,1.200000e-01,5.000000e-08
8.185930e-07,818.592965,4.437492e-08,-6.80380199e-04,9.99319620e-01,1.500000e-01,3.141593e-07,1.200000e-01,5.000000e-08
8.243719e-07,824.371859,3.844777e-08,-7.71349456e-04,9.99228651e-01,1.500000e-01,3.141593e-07,1.200000e-01,5.000000e-08
8.301508e-07,830.150754,3.331217e-08,-8.51029035e-04,9.99148971e-01,1.500000e-01,3.141593e-07,1.200000e-01,5.000000e-08
8.359296e-07,835.929648,2.886243e-08,-9.18529047e-04,9.99081471e-01,1.500000e-01,3.141593e-07,1.200000e-01,5.000000e-08
8.417085e-07,841.708543,2.500698e-08,-9.73130615e-04,9.99026869e-01,1.500000e-01,3.141593e-07,1.200000e-01,5.000000e-08
8.474874e-07,847.487437,2.166646e-08,-1.01429288e-03,9.98985707e-01,1.500000e-01,3.141593e-07,1.200000e-01,5.000000e-08
8.532663e-07,853.266332,1.877212e-08,-1.04165761e-03,9.98958342e-01,1.500000e-01,3.141593e-07,1.200000e-01,5.000000e-08
8.590452e-07,859.045226,1.626437e-08,-1.05505144e-03,9.98944949e-01,1.500000e-01,3.141593e-07,1.200000e-01,5.000000e-08
8.648241e-07,864.824121,1.409158e-08,-1.05448564e-03,9.98945514e-01,1.500000e-01,3.141593e-07,1.200000e-01,5.000000e-08
8.706030e-07,870.603015,1.220903e-08,-1.04015357e-03,9.98959846e-01,1.500000e-01,3.141593e-07,1.200000e-01,5.000000e-08
8.763819e-07,876.381910,1.057795e-08,-1.01242578e-03,9.98987574e-01,1.500000e-01,3.141593e-07,1.200000e-01,5.000000e-08
8.821608e-07,882.160804,9.164747e-09,-9.71842915e-04,9.99028157e-01,1.500000e-01,3.141593e-07,1.200000e-01,5.000000e-08
8.879397e-07,887.939698,7.940330e-09,-9.19106521e-04,9.99080893e-01,1.500000e-01,3.141593e-07,1.200000e-01,5.000000e-08
8.937186e-07,893.718593,6.879480e-09,-8.55067855e-04,9.99144932e-01,1.500000e-01,3.141593e-07,1.200000e-01,5.000000e-08
8.994975e-07,899.497487,5.960350e-09,-7.80714942e-04,9.99219285e-01,1.500000e-01,3.141593e-07,1.200000e-01,5.000000e-08
9.052764e-07,905.276382,5.164010e-09,-6.97158016e-04,9.99302842e-01,1.500000e-01,3.141593e-07,1.200000e-01,5.000000e-08
9.110553e-07,911.055276,4.474057e-09,-6.05613554e-04,9.99394386e-01,1.500000e-01,3.141593e-07,1.200000e-01,5.000000e-08
9.168342e-07,916.834171,3.876280e-09,-5.07387149e-04,9.99492613e-01,1.500000e-01,3.141593e-07,1.200000e-01,5.000000e-08
9.226131e-07,922.613065,3.358367e-09,-4.03855428e-04,9.99596145e-01,1.500000e-01,3.141593e-07,1.200000e-01,5.000000e-08
9.283920e-07,928.391960,2.909647e-09,-2.96447282e-04,9.99703553e-01,1.500000e-01,3.141593e-07,1.200000e-01,5.000000e-08
9.341709e-07,934.170854,2.520879e-09,-1.86624636e-04,9.99813375e-01,1.500000e-01,3.141593e-07,1.200000e-01,5.000000e-08
9.399497e-07,939.949749,2.184052e-09,-7.58630356e-05,9.99924137e-01,1.500000e-01,3.141593e-07,1.200000e-01,5.000000e-08
9.457286e-07,945.728643,1.892227e-09,3.43677224e-05,1.00003437e+00,1.500000e-01,3.141593e-07,1.200000e-01,5.000000e-08
9.515075e-07,951.507538,1.639393e-09,1.42622650e-04,1.00014262e+00,1.500000e-01,3.141593e-07,1.200000e-01,5.000000e-08
9.572864e-07,957.286432,1.420341e-09,2.47500081e-04,1.00024750e+00,1.500000e-01,3.141593e-07,1.200000e-01,5.000000e-08
9.630653e-07,963.065327,1.230556e-09,3.47659410e-04,1.00034766e+00,1.500000e-01,3.141593e-07,1.200000e-01,5.000000e-08
9.688442e-07,968.844221,1.066129e-09,4.41837827e-04,1.00044184e+00,1.500000e-01,3.141593e-07,1.200000e-01,5.000000e-08
9.746231e-07,974.623116,9.236716e-10,5.28865860e-04,1.00052887e+00,1.500000e-01,3.141593e-07,1.200000e-01,5.000000e-08
9.804020e-07,980.402010,8.002490e-10,6.07681516e-04,1.00060768e+00,1.500000e-01,3.141593e-07,1.200000e-01,5.000000e-08
9.861809e-07,986.180905,6.933177e-10,6.77342877e-04,1.00067734e+00,1.500000e-01,3.141593e-07,1.200000e-01,5.000000e-08
9.919598e-07,991.959799,6.006743e-10,7.37038989e-04,1.00073704e+00,1.500000e-01,3.141593e-07,1.200000e-01,5.000000e-08
9.977387e-07,997.738693,5.204098e-10,7.86098930e-04,1.00078610e+00,1.500000e-01,3.141593e-07,1.200000e-01,5.000000e-08
1.003518e-06,1003.517588,0.000000e+00,8.23998964e-04,1.00082400e+00,1.500000e-01,3.141593e-07,1.200000e-01,5.000000e-08
1.009296e-06,1009.296482,0.000000e+00,8.50367691e-04,1.00085037e+00,1.500000e-01,3.141593e-07,1.200000e-01,5.000000e-08
1.015075e-06,1015.075377,0.000000e+00,8.64989179e-04,1.00086499e+00,1.500000e-01,3.141593e-07,1.200000e-01,5.000000e-08
1.020854e-06,1020.854271,0.000000e+00,8.67804028e-04,1.00086780e+00,1.500000e-01,3.141593e-07,1.200000e-01,5.000000e-08
1.026633e-06,1026.633166,0.000000e+00,8.58908397e-04,1.00085891e+00,1.500000e-01,3.141593e-07,1.200000e-01,5.000000e-08
1.032412e-06,1032.412060,0.000000e+00,8.38551017e-04,1.00083855e+00,1.500000e-01,3.141593e-07,1.200000e-01,5.000000e-08
1.038191e-06,1038.190955,0.000000e+00,8.07128255e-04,1.00080713e+00,1.500000e-01,3.141593e-07,1.200000e-01,5.000000e-08
1.043970e-06,1043.969849,0.000000e+00,7.65177316e-04,1.00076518e+00,1.500000e-01,3.141593e-07,1.200000e-01,5.000000e-08
1.049749e-06,1049.748744,0.000000e+00,7.13367677e-04,1.00071337e+00,1.500000e-01,3.141593e-07,1.200000e-01,5.000000e-08
1.055528e-06,1055.527638,0.000000e+00,6.52490906e-04,1.00065249e+00,1.500000e-01,3.141593e-07,1.200000e-01,5.000000e-08
1.061307e-06,1061.306533,0.000000e+00,5.83448992e-04,1.00058345e+00,1.500000e-01,3.141593e-07,1.200000e-01,5.000000e-08
1.067085e-06,1067.085427,0.000000e+00,5.07241367e-04,1.00050724e+00,1.500000e-01,3.141593e-07,1.200000e-01,5.000000e-08
1.072864e-06,1072.864322,0.000000e+00,4.24950795e-04,1.00042495e+00,1.500000e-01,3.141593e-07,1.200000e-01,5.000000e-08
1.078643e-06,1078.643216,0.000000e+00,3.37728326e-04,1.00033773e+00,1.500000e-01,3.141593e-07,1.200000e-01,5.000000e-08
1.084422e-06,1084.422111,0.000000e+00,2.46777523e-04,1.00024678e+00,1.500000e-01,3.141593e-07,1.200000e-01,5.000000e-08
1.090201e-06,1090.201005,0.000000e+00,1.53338157e-04,1.00015334e+00,1.500000e-01,3.141593e-07,1.200000e-01,5.000000e-08
1.095980e-06,1095.979899,0.000000e+00,5.86696152e-05,1.00005867e+00,1.500000e-01,3.141593e-07,1.200000e-01,5.000000e-08
1.101759e-06,1101.758794,0.000000e+00,-3.59657854e-05,9.99964034e-01,1.500000e-01,3.141593e-07,1.200000e-01,5.000000e-08
1.107538e-06,1107.537688,0.000000e+00,-1.29319348e-04,9.99870681e-01,1.500000e-01,3.141593e-07,1.200000e-01,5.000000e-08
1.113317e-06,1113.316583,0.000000e+00,-2.20172200e-04,9.99779828e-01,1.500000e-01,3.141593e-07,1.200000e-01,5.000000e-08
1.119095e-06,1119.095477,0.000000e+00,-3.07350941e-04,9.99692649e-01,1.500000e-01,3.141593e-07,1.200000e-01,5.000000e-08
1.124874e-06,1124.874372,0.000000e+00,-3.89742543e-04,9.99610257e-01,1.500000e-01,3.141593e-07,1.200000e-01,5.000000e-08
1.130653e-06,1130.653266,0.000000e+00,-4.66308309e-04,9.99533692e-01,1.500000e-01,3.141593e-07,1.200000e-01,5.000000e-08
1.136432e-06,1136.432161,0.000000e+00,-5.36096727e-04,9.99463903e-01,1.500000e-01,3.141593e-07,1.200000e-01,5.000000e-08
1.142211e-06,1142.211055,0.000000e+00,-5.98255055e-04,9.99401745e-01,1.500000e-01,3.141593e-07,1.200000e-01,5.000000e-08
1.147990e-06,1147.989950,0.000000e+00,-6.52039501e-04,9.99347960e-01,1.500000e-01,3.141593e-07,1.200000e-01,5.000000e-08
1.153769e-06,1153.768844,0.000000e+00,-6.96823884e-04,9.99303176e-01,1.500000e-01,3.141593e-07,1.200000e-01,5.000000e-08
1.159548e-06,1159.547739,0.000000e+00,-7.32106672e-04,9.99267893e-01,1.500000e-01,3.141593e-07,1.200000e-01,5.000000e-08
1.165327e-06,1165.326633,0.000000e+00,-7.57516324e-04,9.99242484e-01,1.500000e-01,3.141593e-07,1.200000e-01,5.000000e-08
1.171106e-06,1171.105528,0.000000e+00,-7.72814883e-04,9.99227185e-01,1.500000e-01,3.141593e-07,1.200000e-01,5.000000e-08
1.176884e-06,1176.884422,0.000000e+00,-7.77899788e-04,9.99222100e-01,1.500000e-01,3.141593e-07,1.200000e-01,5.000000e-08
1.182663e-06,1182.663317,0.000000e+00,-7.72803905e-04,9.99227196e-01,1.500000e-01,3.141593e-07,1.200000e-01,5.000000e-08
1.188442e-06,1188.442211,0.000000e+00,-7.57693776e-04,9.99242306e-01,1.500000e-01,3.141593e-07,1.200000e-01,5.000000e-08
1.194221e-06,1194.221106,0.000000e+00,-7.32866156e-04,9.99267134e-01,1.500000e-01,3.141593e-07,1.200000e-01,5.000000e-08
1.200000e-06,1200.000000,0.000000e+00,-6.98742863e-04,9.99301257e-01,1.500000e-01,3.141593e-07,1.200000e-01,5.000000e-08
